location,property_type,bedrooms,bathrooms,size_sqft,amenities,price_kes,listing_date,price_per_sqft,amenity_score,month
Westlands,Apartment,1,1,721.19,Parking (1),9000000,2026-02-20,12479.374367365048,1,2
Westlands,Apartment,1,1,1173.28,Parking (1),13800000,2026-02-20,11761.898268103096,1,2
Westlands,Apartment,1,1,807.3,Parking (1),7500000,2026-02-20,9290.22668153103,1,2
Westlands,Apartment,2,2,1173.28,Parking (1),13800000,2026-02-20,11761.898268103096,1,2
Westlands,Apartment,1,1,775.01,Parking (1),7500000,2026-02-20,9677.294486522755,1,2
Kileleshwa,Apartment,2,3,1184.04,Parking (1),9000000,2026-02-20,7601.094557616297,1,2
Kileleshwa,Apartment,3,3,1463.9,Parking (2),12500000,2026-02-20,8538.834619851083,1,2
Westlands,Apartment,1,1,699.66,Parking (1),6500000,2026-02-20,9290.22668153103,1,2
Westlands,Apartment,3,3,1668.42,Parking (3),21714000,2026-02-20,13014.708526629985,1,2
Westlands,Apartment,1,1,731.95,Parking (1),8940000,2026-02-20,12213.949040234987,1,2
Westlands,Apartment,1,1,731.95,Parking (1),7000000,2026-02-20,9563.494774233212,1,2
Westlands,Apartment,2,2,1237.86,Parking (1),14575000,2026-02-20,11774.352511592588,1,2
Westlands,Apartment,2,2,1237.86,Parking (1),12000000,2026-02-20,9694.149580728032,1,2
Westlands,Apartment,2,3,1151.75,Parking (1),12300000,2026-02-20,10679.400911656176,1,2
Kilimani,Apartment,2,2,1291.68,Parking (1),14800000,2026-02-20,11457.946240554935,1,2
Kilimani,Apartment,2,2,1130.22,Parking (1),9700000,2026-02-20,8582.399886747713,1,2
Kilimani,Apartment,2,2,1184.04,Parking (1),11800000,2026-02-20,9965.879531096924,1,2
Kilimani,Apartment,2,2,1216.33,Parking (1),12800000,2026-02-20,10523.459916305608,1,2
Kileleshwa,Apartment,2,2,1087.16,Parking (2),9210000,2026-02-20,8471.61411383789,1,2
Kileleshwa,Apartment,2,2,1087.16,Parking (1),9210000,2026-02-20,8471.61411383789,1,2
Kileleshwa,Apartment,2,2,807.3,Parking (1),7150000,2026-02-20,8856.682769726249,1,2
Kileleshwa,Apartment,2,2,807.3,Parking (2),7150000,2026-02-20,8856.682769726249,1,2
Kileleshwa,Apartment,1,1,699.66,Parking (1),5110000,2026-02-20,7303.547437326702,1,2
Kilimani,Apartment,4,5,2475.72,Parking (2),26500000,2026-02-20,10703.956828720535,1,2
Kilimani,Apartment,5,6,2798.64,Parking (3),28200000,2026-02-20,10076.322785352886,1,2
Kilimani,Apartment,3,3,1399.32,Parking (1),15800000,2026-02-20,11291.198582168483,1,2
Westlands,Apartment,4,5,2271.2,Parking (3),27500000,2026-02-20,12108.13666784079,1,2
Riverside,Apartment,2,2,1227.1,Parking (1),13600000,2026-02-20,11083.041316926086,1,2
Westlands,Apartment,2,3,1184.04,Parking (1),13000000,2026-02-20,10979.358805445763,1,2
Riverside,Apartment,3,3,1872.94,Parking (2),21000000,2026-02-20,11212.318600702638,1,2
Riverside,Apartment,2,3,1388.56,Parking (1),15600000,2026-02-20,11234.660367575043,1,2
Kileleshwa,Apartment,1,1,710.42,Parking (1),7000000,2026-02-20,9853.326201401987,1,2
Kileleshwa,Apartment,1,1,699.66,Parking (1),6900000,2026-02-20,9861.932938856016,1,2
Westlands,Apartment,2,2,968.76,Parking (1),14000000,2026-02-20,14451.463726826047,1,2
Westlands,Apartment,1,1,688.9,Parking (1),8800000,2026-02-20,12773.987516330382,1,2
Westlands,Apartment,2,2,1162.51,Parking (2),10757000,2026-02-20,9253.253735451739,1,2
Westlands,Apartment,3,3,1668.42,Parking (2),21714000,2026-02-20,13014.708526629985,1,2
Kilimani,Apartment,2,2,1259.39,Parking (1),14700000,2026-02-20,11672.31755056019,1,2
Kileleshwa,Apartment,4,5,2454.19,Parking (2),26000000,2026-02-20,10594.126779100232,1,2
Westlands,Apartment,5,6,2863.22,Parking (4),35000000,2026-02-20,12223.999552950874,1,2
Westlands,Apartment,1,1,409.03,Parking (1),7749000,2026-02-20,18944.820673300248,1,2
Kileleshwa,Apartment,3,4,2206.62,Parking (2),24000000,2026-02-20,10876.362944231449,1,2
Westlands,Apartment,2,2,882.65,Parking (1),12000000,2026-02-20,13595.422874298987,1,2
Westlands,Apartment,2,3,1345.5,Parking (1),13900000,2026-02-20,10330.732069862504,1,2
Riverside,Apartment,2,2,904.18,Parking (1),10000000,2026-02-20,11059.744741091376,1,2
Westlands,Apartment,3,4,1528.49,Parking (2),17500000,2026-02-20,11449.208041923728,1,2
Westlands,Apartment,3,4,1668.42,Parking (2),24600000,2026-02-20,14744.48879778473,1,2
Westlands,Apartment,4,5,2292.73,Parking (2),31000000,2026-02-20,13520.99898374427,1,2
Westlands,Apartment,2,3,1496.2,Parking (1),16600000,2026-02-20,11094.773426012565,1,2
Westlands,Apartment,2,3,1463.9,Parking (1),16200000,2026-02-20,11066.329667327003,1,2
Riverside,Apartment,1,1,645.84,Parking (1),7200000,2026-02-20,11148.272017837235,1,2
Westlands,Apartment,1,1,861.12,Parking (1),8200000,2026-02-20,9522.482348569305,1,2
Westlands,Apartment,1,1,624.31,Parking (1),8700000,2026-02-20,13935.384664669797,1,2
Westlands,Apartment,1,1,613.55,Parking (1),11236000,2026-02-20,18313.09591720316,1,2
Kileleshwa,Apartment,2,2,1184.04,Parking (1),11500000,2026-02-20,9712.509712509713,1,2
Westlands,Apartment,1,1,613.55,Parking (1),6200000,2026-02-20,10105.125906609079,1,2
Kilimani,Apartment,2,2,1313.21,Parking (1),15600000,2026-02-20,11879.288156502007,1,2
Westlands,Apartment,2,3,1410.08,Parking (1),15500000,2026-02-20,10992.284125723363,1,2
Kilimani,Apartment,5,7,4789.98,Parking (3),62500000,2026-02-20,13048.071181925605,1,2
Kilimani,Apartment,5,6,3250.73,Parking (3),33500000,2026-02-20,10305.37756134776,1,2
Kilimani,Apartment,5,6,3864.28,Parking (3),52500000,2026-02-20,13585.972031012245,1,2
Kilimani,Apartment,4,5,2970.86,Parking (2),42500000,2026-02-20,14305.621941121426,1,2
Kilimani,Apartment,3,4,2174.33,Parking (2),22500000,2026-02-20,10348.01525067492,1,2
Kileleshwa,Apartment,4,5,2960.1,Parking (2),31000000,2026-02-20,10472.619168271343,1,2
Westlands,Apartment,1,1,936.47,Parking (1),10500000,2026-02-20,11212.318600702638,1,2
Kileleshwa,Apartment,2,2,861.12,Parking (2),7150000,2026-02-20,8303.140096618357,1,2
Westlands,House,2,3,1184.04,Parking (1),13000000,2026-02-20,10979.358805445763,1,2
Westlands,Apartment,3,4,1700.71,Parking (2),19800000,2026-02-20,11642.196494405278,1,2
Westlands,Apartment,3,4,1808.35,Parking (2),21800000,2026-02-20,12055.188431443028,1,2
Kilimani,Apartment,2,3,1076.4,Parking (1),10800000,2026-02-20,10033.44481605351,1,2
Kilimani,Apartment,1,1,807.3,Parking (1),8200000,2026-02-20,10157.314505140592,1,2
Westlands,Apartment,2,3,1399.32,Parking (2),17800000,2026-02-20,12720.464225480948,1,2
Westlands,Apartment,3,4,1636.13,Parking (2),19500000,2026-02-20,11918.368344813676,1,2
Westlands,Apartment,4,5,2174.33,Parking (2),27000000,2026-02-20,12417.618300809905,1,2
Westlands,Apartment,1,1,592.02,Parking (1),7800000,2026-02-20,13175.230566534914,1,2
Westlands,Apartment,2,2,1184.04,Parking (1),10700000,2026-02-20,9036.85686294382,1,2
Kilimani,Apartment,3,4,1959.05,Parking (2),24000000,2026-02-20,12250.835864321993,1,2
Kilimani,Apartment,3,4,1862.17,Parking (2),22000000,2026-02-20,11814.1737864964,1,2
Westlands,Apartment,2,2,1485.43,Parking (2),20010000,2026-02-20,13470.84682549834,1,2
Westlands,Apartment,1,1,721.19,Parking (1),8100000,2026-02-20,11231.436930628544,1,2
Westlands,Apartment,2,2,1108.69,Parking (1),11500000,2026-02-20,10372.601899539095,1,2
Westlands,Apartment,3,2,1291.68,Parking (2),15200000,2026-02-20,11767.620463272637,1,2
Westlands,Apartment,1,1,721.19,Parking (1),8200000,2026-02-20,11370.096645821488,1,2
Kileleshwa,Apartment,2,2,1280.92,Parking (1),12000000,2026-02-20,9368.266558411142,1,2
Westlands,Apartment,1,1,818.06,Parking (1),9000000,2026-02-20,11001.638021661003,1,2
Kilimani,Apartment,5,6,3864.28,Parking (2),54000000,2026-02-20,13974.142660469737,1,2
Kilimani,Apartment,4,5,3250.73,Parking (2),48000000,2026-02-20,14765.914117752012,1,2
Kilimani,Apartment,4,5,2970.86,Parking (2),44000000,2026-02-20,14810.526244925712,1,2
Kilimani,Apartment,3,4,2206.62,Parking (2),32000000,2026-02-20,14501.817258975267,1,2
Lavington,Apartment,3,4,8406.68,Parking (2),30000000,2026-02-20,3568.5906921638507,1,2
Westlands,Apartment,4,5,2292.73,Parking (7),37200000,2026-02-20,16225.198780493123,1,2
Westlands,Apartment,3,4,1722.24,Parking (7),24400000,2026-02-20,14167.59568933482,1,2
Westlands,Apartment,3,4,1722.24,Parking (4),24400000,2026-02-20,14167.59568933482,1,2
Westlands,Apartment,1,1,516.67,Parking (1),6200000,2026-02-20,11999.92258114464,1,2
Syokimau,Apartment,2,2,1162.51,Parking (1),8000000,2026-02-20,6881.661233021651,1,2
Westlands,Apartment,1,1,602.78,Parking (7),6800000,2026-02-20,11281.064401605894,1,2
Westlands,Apartment,2,2,1001.05,Parking (1),11800000,2026-02-20,11787.622995854354,1,2
Westlands,Apartment,3,2,1463.9,Parking (1),14800000,2026-02-20,10109.980189903681,1,2
Kileleshwa,Apartment,2,2,914.94,Parking (2),7150000,2026-02-20,7814.720090934924,1,2
Westlands,Apartment,3,4,1711.48,Parking (2),22680000,2026-02-20,13251.688597003762,1,2
Westlands,Apartment,1,1,624.31,Parking (1),9000000,2026-02-20,14415.915170348066,1,2
Westlands,Townhouse,4,5,1044.11,Parking (3),85000000,2026-02-20,81409.04693949872,1,2
Kileleshwa,Apartment,4,5,2906.28,Parking (2),24500000,2026-02-20,8430.020507315192,1,2
Kilimani,Apartment,1,1,645.84,Parking (1),6500000,2026-02-20,10064.412238325282,1,2
Kilimani,Apartment,1,1,645.84,Parking (1),6000000,2026-02-20,9290.226681531029,1,2
Kilimani,Apartment,1,1,592.02,Parking (1),6000000,2026-02-20,10134.792743488397,1,2
Kilimani,Apartment,1,1,592.02,Parking (1),5500000,2026-02-20,9290.22668153103,1,2
Syokimau,Apartment,3,4,548.96,Parking (2),11500000,2026-02-20,20948.70300204022,1,2
Kilimani,Apartment,1,1,301.39,Parking (1),10500000,2026-02-20,34838.581240253494,1,2
Westlands,Apartment,5,6,2852.46,Parking (4),35000000,2026-02-20,12270.110711456076,1,2
Mirema,Apartment,1,1,796.54,Parking (6),5200000,2026-02-20,6528.2346147086155,1,2
Mirema,Apartment,1,1,796.54,Parking (7),5200000,2026-02-20,6528.2346147086155,1,2
Mirema,Apartment,1,1,796.54,Parking (3),5200000,2026-02-20,6528.2346147086155,1,2
Westlands,Apartment,1,1,441.32,Parking (1),5880000,2026-02-20,13323.665367533762,1,2
Westlands,Apartment,3,4,1722.24,Parking (2),24610000,2026-02-20,14289.529914529914,1,2
Westlands,Townhouse,4,5,2292.73,Parking (2),31000000,2026-02-20,13520.99898374427,1,2
Westlands,Apartment,2,2,1011.82,Parking (2),12600000,2026-02-20,12452.807811666105,1,2
Westlands,Apartment,1,1,592.02,Parking (1),8100000,2026-02-20,13681.970203709334,1,2
Runda,House,4,6,3767.4,Parking (4),53000000,2026-02-20,14068.057546318416,1,2
Runda,House,4,5,3767.4,Parking (4),53000000,2026-02-20,14068.057546318416,1,2
Westlands,Apartment,1,1,753.48,Parking (1),9200000,2026-02-20,12210.01221001221,1,2
Westlands,Apartment,1,1,559.73,Parking (1),6440000,2026-02-20,11505.54731745663,1,2
Kileleshwa,Apartment,4,5,2906.28,Parking (2),25800000,2026-02-20,8877.327717907427,1,2
Westlands,Apartment,2,2,1291.68,Parking (1),12700000,2026-02-20,9832.156571287005,1,2
Westlands,Apartment,3,3,1722.24,Parking (7),24400000,2026-02-20,14167.59568933482,1,2
Westlands,Apartment,2,2,1227.1,Parking (1),13000000,2026-02-20,10594.083611767583,1,2
Westlands,Apartment,1,1,441.32,Parking (1),5800000,2026-02-20,13142.391008791807,1,2
Westlands,Apartment,1,1,753.48,Parking (1),8800000,2026-02-20,11679.142113924723,1,2
Kiambu Road,House,4,5,3229.2,Parking (5),35000000,2026-02-20,10838.597795119535,1,2
Runda,House,4,5,3229.2,Parking (5),35000000,2026-02-20,10838.597795119535,1,2
Westlands,Apartment,1,1,602.78,Parking (6),6800000,2026-02-20,11281.064401605894,1,2
Westlands,Apartment,2,2,1237.86,Parking (1),11700000,2026-02-20,9451.79584120983,1,2
Lavington,House,5,6,4305.6,Parking (3),69000000,2026-02-20,16025.641025641024,1,2
Lavington,Townhouse,5,6,4305.6,Parking (3),69000000,2026-02-20,16025.641025641024,1,2
Kileleshwa,Apartment,5,6,3950.39,Parking (2),41000000,2026-02-20,10378.722100855864,1,2
Westlands,Apartment,4,5,3788.93,Parking (3),32900000,2026-02-20,8683.190241044305,1,2
Riverside,Apartment,2,2,527.44,Parking (2),28000000,2026-02-20,53086.60700743212,1,2
Lavington,Townhouse,5,6,4843.8,Parking (3),70000000,2026-02-20,14451.463726826045,1,2
Kilimani,Apartment,3,3,1722.24,Parking (2),17800000,2026-02-20,10335.37718320327,1,2
Westlands,Apartment,4,5,2174.33,Parking (5),27000000,2026-02-20,12417.618300809905,1,2
Westlands,Apartment,2,3,1560.78,Parking (1),16450000,2026-02-20,10539.601993874858,1,2
Westlands,Apartment,2,3,1453.14,Parking (1),15150000,2026-02-20,10425.698831495933,1,2
Westlands,Apartment,2,3,1399.32,Parking (1),14450000,2026-02-20,10326.444272932567,1,2
Westlands,Apartment,3,4,1991.34,Parking (7),23000000,2026-02-20,11550.01155001155,1,2
Westlands,Apartment,3,4,2131.27,Parking (2),22550000,2026-02-20,10580.545871710296,1,2
Muthangari,Apartment,3,4,1733.0,Parking (2),27790000,2026-02-20,16035.776110790537,1,2
Westlands,Apartment,2,2,1087.16,Parking (2),13000000,2026-02-20,11957.76150704588,1,2
Westlands,Apartment,2,2,968.76,Parking (2),14000000,2026-02-20,14451.463726826047,1,2
Westlands,Apartment,3,3,1506.96,Parking (3),19000000,2026-02-20,12608.164782077825,1,2
Westlands,Apartment,2,2,1119.46,Parking (2),12844000,2026-02-20,11473.388955389206,1,2
Westlands,Apartment,1,1,441.32,Parking (1),5300000,2026-02-20,12009.426266654582,1,2
Kilimani,Apartment,5,6,2691.0,Parking (2),28200000,2026-02-20,10479.375696767002,1,2
Peponi,Townhouse,4,5,1044.11,Parking (3),85000000,2026-02-20,81409.04693949872,1,2
Kileleshwa,Apartment,2,2,1194.8,"Parking (1), Garden",10400000,2026-02-20,8704.38567124205,2,2
Kileleshwa,Apartment,2,2,1280.92,"Parking (1), Garden",11200000,2026-02-20,8743.715454517065,2,2
Kileleshwa,Apartment,2,2,1377.79,"Parking (1), Garden",12500000,2026-02-20,9072.500163305003,2,2
Kileleshwa,Apartment,2,2,1453.14,"Parking (1), Garden",12700000,2026-02-20,8739.694730032894,2,2
Kileleshwa,Apartment,2,2,1463.9,"Parking (1), Garden",12800000,2026-02-20,8743.766650727508,2,2
Spring Valley,Townhouse,5,6,904.18,Parking (3),65000000,2026-02-20,71888.34081709395,1,2
Spring Valley,Apartment,3,5,3250.73,Parking (2),30000000,2026-02-20,9228.696323595008,1,2
Kilimani,Apartment,2,2,796.54,Parking (7),7600000,2026-02-20,9541.26597534336,1,2
Syokimau,Apartment,3,4,656.6,Parking (2),12500000,2026-02-20,19037.46573256168,1,2
Kilimani,Apartment,2,2,807.3,Parking (7),7600000,2026-02-20,9414.09637061811,1,2
Westlands,Apartment,2,2,1130.22,Parking (1),14100000,2026-02-20,12475.447258055954,1,2
Riverside,Apartment,2,2,1227.1,Parking (1),13680000,2026-02-20,11148.235677613888,1,2
Westlands,Apartment,2,2,1216.33,Parking (1),12230000,2026-02-20,10054.837091907624,1,2
Westlands,Apartment,3,4,1711.48,Parking (2),19500000,2026-02-20,11393.647603243975,1,2
Riverside,Apartment,2,3,1388.56,Parking (1),15610000,2026-02-20,11241.862072938873,1,2
Westlands,Apartment,2,2,1528.49,Parking (1),16700000,2026-02-20,10925.81567429293,1,2
Westlands,Apartment,2,2,1151.75,Parking (1),13000000,2026-02-20,11287.171695246365,1,2
Westlands,Apartment,2,2,1108.69,Parking (1),12500000,2026-02-20,11274.567282107711,1,2
Westlands,Apartment,2,2,979.52,Parking (1),11000000,2026-02-20,11229.990199281281,1,2
Westlands,Apartment,2,2,1216.33,Parking (1),13200000,2026-02-20,10852.318038690159,1,2
Westlands,Apartment,1,1,839.59,Parking (1),9300000,2026-02-20,11076.835121904738,1,2
Westlands,Apartment,3,3,1743.77,Parking (2),20300000,2026-02-20,11641.443538998836,1,2
Kilimani,Apartment,3,3,1442.38,Parking (1),15200000,2026-02-20,10538.138354663819,1,2
Westlands,Apartment,1,1,882.65,Parking (1),8730000,2026-02-20,9890.670141052513,1,2
Kilimani,Apartment,1,1,699.66,Parking (1),7150000,2026-02-20,10219.249349684133,1,2
Westlands,Apartment,1,1,796.54,Parking (1),9022900,2026-02-20,11327.616943279685,1,2
Westlands,Apartment,1,1,839.59,Parking (1),9022900,2026-02-20,10746.793077573577,1,2
Westlands,Apartment,1,1,753.48,Parking (1),9000000,2026-02-20,11944.577161968466,1,2
Westlands,Apartment,2,2,11194.56,Parking (2),12840000,2026-02-20,1146.9856787582542,1,2
Westlands,Apartment,1,1,624.31,Parking (1),87000000,2026-02-20,139353.84664669796,1,2
Westlands,Apartment,3,3,1506.96,Parking (2),19000000,2026-02-20,12608.164782077825,1,2
Westlands,Apartment,3,3,1442.38,Parking (2),17500000,2026-02-20,12132.725079382686,1,2
Westlands,Apartment,1,1,699.66,Parking (1),7630000,2026-02-20,10905.296858474116,1,2
Kileleshwa,Apartment,1,1,624.31,"Parking (1), Garden",5800000,2026-02-20,9290.256443113198,2,2
Kileleshwa,Apartment,1,1,688.9,"Parking (1), Garden",6300000,2026-02-20,9145.01379010016,2,2
Kileleshwa,Apartment,1,1,710.42,"Parking (1), Garden",6500000,2026-02-20,9149.517187016132,2,2
Kileleshwa,Apartment,1,1,882.65,"Parking (1), Garden",8200000,2026-02-20,9290.205630770974,2,2
Kilimani,Apartment,2,2,968.76,Parking (1),10900000,2026-02-20,11251.496758743137,1,2
Riverside,Apartment,2,1,904.18,Parking (1),10000000,2026-02-20,11059.744741091376,1,2
Kilimani,Apartment,2,2,947.23,Parking (1),10000000,2026-02-20,10557.098064883925,1,2
Kilimani,Apartment,2,2,968.76,Parking (1),11300000,2026-02-20,11664.395722366737,1,2
Syokimau,Apartment,2,2,1184.04,Parking (1),8000000,2026-02-20,6756.52849565893,1,2
Westlands,Apartment,5,6,6049.37,Parking (4),35000000,2026-02-20,5785.72644754743,1,2
Westlands,Apartment,1,1,624.31,Parking (1),8100000,2026-02-20,12974.323653313259,1,2
Westlands,Apartment,3,4,1517.72,Parking (2),19840000,2026-02-20,13072.239938855651,1,2
Syokimau,Apartment,3,3,1517.72,Parking (2),10300000,2026-02-20,6786.495532772843,1,2
Syokimau,Apartment,2,2,1054.87,Parking (1),7800000,2026-02-20,7394.276071933035,1,2
Syokimau,Apartment,2,2,1173.28,Parking (1),8000000,2026-02-20,6818.491749624983,1,2
Westlands,Apartment,1,1,753.48,Parking (1),8400000,2026-02-20,11148.272017837235,1,2
Westlands,Apartment,1,1,559.73,Parking (1),6100000,2026-02-20,10898.111589516373,1,2
Westlands,Apartment,1,1,947.23,Parking (1),10300000,2026-02-20,10873.811006830443,1,2
Westlands,Apartment,1,1,602.78,Parking (1),6830000,2026-02-20,11330.833803377684,1,2
Kilimani,Apartment,3,4,2325.02,Parking (2),36000000,2026-02-20,15483.737774298716,1,2
Kiambu Road,Townhouse,4,5,3229.2,Parking (3),34500000,2026-02-20,10683.760683760684,1,2
Syokimau,Apartment,2,2,1162.51,Parking (1),7500000,2026-02-20,6451.557405957798,1,2
Westlands,Apartment,3,5,1915.99,Parking (8),25380000,2026-02-20,13246.41569110486,1,2
Westlands,Apartment,3,4,1915.99,Parking (8),25380000,2026-02-20,13246.41569110486,1,2
Westlands,Apartment,3,5,1915.99,Parking (6),25380000,2026-02-20,13246.41569110486,1,2
Westlands,Apartment,3,4,1915.99,Parking (6),25380000,2026-02-20,13246.41569110486,1,2
Westlands,Apartment,2,2,1291.68,Parking (1),10206800,2026-02-20,7901.957141087575,1,2
Westlands,Apartment,3,3,1700.71,Parking (2),18500000,2026-02-20,10877.80985588372,1,2
Syokimau,Apartment,2,2,1184.04,Parking (1),7500000,2026-02-20,6334.245464680247,1,2
Westlands,Apartment,2,3,1399.32,Parking (1),17200000,2026-02-20,12291.684532487208,1,2
Westlands,Apartment,3,4,2152.8,Parking (2),17054400,2026-02-20,7921.962095875138,1,2
Westlands,Apartment,4,5,2475.72,Parking (2),19638400,2026-02-20,7932.399463590391,1,2
Westlands,Apartment,3,4,1851.41,Parking (7),23000000,2026-02-20,12422.96411923885,1,2
Westlands,Apartment,1,1,1851.41,Parking (7),23000000,2026-02-20,12422.96411923885,1,2
Westlands,Apartment,3,3,1722.24,Parking (7),23000000,2026-02-20,13354.700854700855,1,2
Kileleshwa,Apartment,5,6,678.13,Parking (3),48000000,2026-02-20,70782.88823676876,1,2
Syokimau,Apartment,3,3,1636.13,Parking (1),9700000,2026-02-20,5928.624253573982,1,2
Runda,House,4,5,3229.2,"Parking (5), Security",35000000,2026-02-20,10838.597795119535,2,2
Westlands,Apartment,3,4,1636.13,Parking (2),21000000,2026-02-20,12835.165909799343,1,2
Kilimani,Apartment,2,2,1184.04,Parking (1),12200000,2026-02-20,10303.70595587987,1,2
Kilimani,Apartment,1,1,624.31,Parking (1),6200000,2026-02-20,9930.963784017556,1,2
Kilimani,Apartment,1,1,667.37,Parking (1),6600000,2026-02-20,9889.56650733476,1,2
Kitisuru,Townhouse,5,5,3767.4,Parking (6),80000000,2026-02-20,21234.803843499496,1,2
Lavington,Apartment,2,2,635.08,Parking (2),10000000,2026-02-20,15746.047742016754,1,2
Westlands,Apartment,5,6,3605.94,Parking (3),28553200,2026-02-20,7918.379118898262,1,2
Westlands,Apartment,2,2,990.29,Parking (2),12000000,2026-02-20,12117.662502903191,1,2
Westlands,Apartment,3,4,1711.48,Parking (2),18300000,2026-02-20,10692.500058428963,1,2
Runda,House,4,5,3229.2,Parking (3),53000000,2026-02-20,16412.73380403815,1,2
Westlands,Apartment,2,2,1076.4,Parking (2),20000000,2026-02-20,18580.453363062057,1,2
Westlands,Apartment,1,1,635.08,Parking (1),8000000,2026-02-20,12596.838193613403,1,2
Kilimani,Apartment,5,6,3250.73,Parking (4),33500000,2026-02-20,10305.37756134776,1,2
Parklands,Apartment,6,5,5597.28,Parking (3),65000000,2026-02-20,11612.783351913788,1,2
Westlands,Apartment,1,1,882.65,Parking (1),6976800,2026-02-20,7904.378859117431,1,2
Westlands,Apartment,2,2,1722.24,Parking (2),23000000,2026-02-20,13354.700854700855,1,2
Kiambu Road,House,7,8,9999.76,Parking (6),85000000,2026-02-20,8500.204004896117,1,2
Westlands,Apartment,5,5,3950.39,Parking (2),41000000,2026-02-20,10378.722100855864,1,2
Kileleshwa,Apartment,4,4,2454.19,Parking (3),26000000,2026-02-20,10594.126779100232,1,2
Westlands,Apartment,3,4,1517.72,Parking (3),18100000,2026-02-20,11925.783411960045,1,2
Parklands,Apartment,2,2,990.29,Parking (2),11200000,2026-02-20,11309.818336042978,1,2
Parklands,Apartment,1,1,645.84,Parking (1),6600000,2026-02-20,10219.249349684133,1,2
Westlands,Apartment,4,4,2142.04,Parking (2),31000000,2026-02-20,14472.185393363336,1,2
Kileleshwa,Apartment,4,4,2906.28,Parking (3),25000000,2026-02-20,8602.06174215836,1,2
Muthangari,Apartment,3,5,1733.0,Parking (2),27790000,2026-02-20,16035.776110790537,1,2
Kilimani,Apartment,2,2,1022.58,Parking (2),9500000,2026-02-20,9290.226681531029,1,2
Kilimani,Apartment,1,1,699.66,Parking (1),6500000,2026-02-20,9290.22668153103,1,2
Westlands,Apartment,1,1,624.31,Parking (1),8000000,2026-02-20,12814.146818087169,1,2
Westlands,Apartment,2,2,1119.46,Parking (2),12840000,2026-02-20,11469.81580404838,1,2
Kilimani,Apartment,3,3,1453.14,Parking (3),14500000,2026-02-20,9978.391620903698,1,2
Kilimani,Apartment,3,3,1291.68,Parking (2),13000000,2026-02-20,10064.412238325282,1,2
Kilimani,Apartment,2,2,947.23,Parking (2),9000000,2026-02-20,9501.388258395533,1,2
Kilimani,Apartment,1,1,807.3,Parking (1),7500000,2026-02-20,9290.22668153103,1,2
Syokimau,Apartment,4,4,1862.17,Parking (1),13900000,2026-02-20,7464.4098014681795,1,2
Nyari,Townhouse,4,4,3767.4,Parking (2),85000000,2026-02-20,22561.979083718215,1,2
Kilimani,Apartment,2,2,1011.82,Parking (1),10300000,2026-02-20,10179.676226996897,1,2
Lavington,Apartment,1,1,516.67,Parking (1),5190000,2026-02-20,10045.096483248495,1,2
Kileleshwa,Apartment,3,3,1722.24,Parking (2),13600000,2026-02-20,7896.6926793013745,1,2
Kitisuru,House,5,6,538.2,Parking (6),85000000,2026-02-20,157933.8535860275,1,2
Kilimani,Townhouse,4,3,3229.2,Parking (2),44000000,2026-02-20,13625.665799578845,1,2
Lavington,Townhouse,4,4,3229.2,Parking (2),35000000,2026-02-20,10838.597795119535,1,2
Lavington,Townhouse,5,5,3229.2,Parking (2),55000000,2026-02-20,17032.082249473555,1,2
Westlands,Apartment,2,2,1076.4,Parking (2),18000000,2026-02-20,16722.408026755853,1,2
Westlands,Apartment,3,3,1808.35,Parking (2),19800000,2026-02-20,10949.207841402384,1,2
Westlands,Apartment,2,2,1399.32,Parking (2),17200000,2026-02-20,12291.684532487208,1,2
Westlands,Apartment,2,2,1173.28,Parking (2),13800000,2026-02-20,11761.898268103096,1,2
Westlands,Apartment,1,1,753.48,Parking (1),7500000,2026-02-20,9953.814301640388,1,2
Kilimani,Apartment,2,2,1033.34,Parking (1),10550000,2026-02-20,10209.611550893222,1,2
Westlands,Apartment,4,5,2723.29,Parking (2),32900000,2026-02-20,12080.975584678827,1,2
Lavington,Apartment,1,1,688.9,Parking (1),6730000,2026-02-20,9769.197271011759,1,2
Westlands,Apartment,3,3,1291.68,Parking (1),11200000,2026-02-20,8670.878236095627,1,2
Kileleshwa,Apartment,2,2,914.94,Parking (1),7900000,2026-02-20,8634.445974599426,1,2
Loresho,House,4,3,3229.2,Parking (2),83000000,2026-02-20,25702.960485569183,1,2
Kileleshwa,Apartment,4,5,2109.74,Parking (2),18000000,2026-02-20,8531.85700607658,1,2
Westlands,Apartment,2,2,1076.4,Parking (2),14000000,2026-02-20,13006.31735414344,1,2
Parklands,Apartment,2,2,990.29,Parking (2),11373000,2026-02-20,11484.514637126498,1,2
Parklands,Apartment,1,1,764.24,Parking (1),8772000,2026-02-20,11478.06971631948,1,2
Syokimau,Apartment,2,2,968.76,Parking (1),8000000,2026-02-20,8257.979272472026,1,2
South C,Apartment,2,2,936.47,Parking (1),8400000,2026-02-20,8969.85488056211,1,2
Westlands,Apartment,2,3,4316.36,Parking (2),12850000,2026-02-20,2977.04547350082,1,2
Kilimani,Apartment,2,2,1076.4,Parking (1),11000000,2026-02-20,10219.24934968413,1,2
Kileleshwa,Apartment,3,4,2228.15,Parking (2),19500000,2026-02-20,8751.65496039315,1,2
Runda,Townhouse,5,5,3229.2,Parking (3),100000000,2026-02-20,30967.4222717701,1,2
South C,Apartment,3,2,1291.68,Parking (1),13600000,2026-02-20,10528.923572401833,1,2
Kilimani,Apartment,3,3,1453.14,Parking (2),14800000,2026-02-20,10184.841102715498,1,2
Riverside,Apartment,2,2,527.44,Parking (1),28000000,2026-02-20,53086.60700743212,1,2
Parklands,Apartment,3,4,2368.08,Parking (3),65000000,2026-02-20,27448.397013614405,1,2
Westlands,Apartment,4,5,344.45,Parking (3),27000000,2026-02-20,78385.8324865728,1,2
Kitisuru,Apartment,2,2,1205.57,Parking (2),12500000,2026-02-20,10368.539363122838,1,2
Kitisuru,Apartment,2,2,1205.57,Parking (1),12500000,2026-02-20,10368.539363122838,1,2
Westlands,Apartment,1,1,602.78,"Parking (7), Pool",6800000,2026-02-20,11281.064401605894,2,2
Westlands,Apartment,1,1,602.78,"Parking (6), Pool",6800000,2026-02-20,11281.064401605894,2,2
Westlands,Apartment,1,1,602.78,"Parking (4), Pool",6800000,2026-02-20,11281.064401605894,2,2
Westlands,Apartment,4,3,1937.52,Parking (2),16500000,2026-02-20,8516.041124736777,1,2
Westlands,Apartment,3,3,1614.6,Parking (2),30000000,2026-02-20,18580.45336306206,1,2
Westlands,Apartment,1,1,688.9,Parking (1),8790000,2026-02-20,12759.47162142546,1,2
Kileleshwa,Apartment,1,1,775.01,Parking (1),6700000,2026-02-20,8645.04974129366,1,2
Kileleshwa,Apartment,1,1,678.13,Parking (1),5850000,2026-02-20,8626.664503856193,1,2
Westlands,Apartment,1,1,1313.21,Parking (1),9600000,2026-02-20,7310.3311732320035,1,2
Kilimani,Apartment,2,2,1076.4,Parking (2),18000000,2026-02-20,16722.408026755853,1,2
Westlands,Apartment,2,2,1926.76,Parking (2),23000000,2026-02-20,11937.137993315202,1,2
Kilimani,Apartment,2,2,947.23,Parking (2),9100000,2026-02-20,9606.95923904437,1,2
Syokimau,Apartment,3,3,1636.13,Parking (1),13900000,2026-02-20,8495.65743553385,1,2
Westlands,Apartment,1,1,602.78,Parking (4),6800000,2026-02-20,11281.064401605894,1,2
Kileleshwa,Apartment,4,3,1506.96,Parking (2),30000000,2026-02-20,19907.628603280777,1,2
Westlands,Apartment,3,4,1722.24,Parking (6),25380000,2026-02-20,14736.622073578596,1,2
Kilimani,Apartment,1,1,645.84,Parking (1),6900000,2026-02-20,10683.760683760684,1,2
Westlands,Apartment,2,2,861.12,Parking (2),10000000,2026-02-20,11612.783351913786,1,2
Westlands,Apartment,1,1,753.48,Parking (1),7800000,2026-02-20,10351.966873706004,1,2
Westlands,Apartment,1,1,613.55,Parking (1),7800000,2026-02-20,12712.9003341211,1,2
Kilimani,Apartment,1,1,592.02,Parking (1),6500000,2026-02-20,10979.358805445763,1,2
Westlands,Apartment,3,4,1915.99,Parking (6),22200000,2026-02-20,11586.699304276119,1,2
Rosslyn,House,4,4,4305.6,"Parking (4), Security",85000000,2026-02-20,19741.731698253436,2,2
Westlands,Apartment,1,1,462.85,Parking (1),5028000,2026-02-20,10863.130603867343,1,2
Runda,House,4,5,3229.2,Parking (4),35000000,2026-02-20,10838.597795119535,1,2
Kiambu Road,House,4,5,3229.2,Parking (4),35000000,2026-02-20,10838.597795119535,1,2
Kitisuru,House,5,5,5382.0,"Parking (2), Security",75000000,2026-02-20,13935.340022296545,2,2
Westlands,Apartment,3,4,2131.27,Parking (1),22550000,2026-02-20,10580.545871710296,1,2
Peponi,House,4,4,3229.2,Parking (3),85000000,2026-02-20,26322.308931004583,1,2
Kileleshwa,Townhouse,6,7,3283.02,Parking (4),67000000,2026-02-20,20408.038939756687,1,2
Lavington,House,5,5,3229.2,Parking (3),100000000,2026-02-20,30967.4222717701,1,2
Westlands,Apartment,3,5,1915.99,Parking (6),22200000,2026-02-20,11586.699304276119,1,2
Syokimau,Townhouse,4,4,2475.72,Parking (2),15500000,2026-02-20,6260.80493755352,1,2
Westlands,Apartment,2,2,1216.33,Parking (2),13279000,2026-02-20,10917.267517861108,1,2
Syokimau,Apartment,4,4,1894.46,Parking (1),13900000,2026-02-20,7337.183155094328,1,2
Kilimani,Apartment,2,2,1291.68,Parking (1),14000000,2026-02-20,10838.597795119535,1,2
Kilimani,Apartment,3,3,1722.24,Parking (2),17100000,2026-02-20,9928.929765886287,1,2
Upper Hill,Apartment,1,1,990.29,Parking (1),10500000,2026-02-20,10602.954690040291,1,2
Upper Hill,Apartment,1,1,548.96,Parking (1),24209463,2026-02-20,44100.5956718158,1,2
Kilimani,Apartment,2,2,1130.22,Parking (1),9500000,2026-02-20,8405.443188051884,1,2
Kilimani,Apartment,2,2,1184.04,Parking (1),11500000,2026-02-20,9712.509712509713,1,2
Kilimani,Apartment,2,2,1216.33,Parking (1),12500000,2026-02-20,10276.816324517196,1,2
Kilimani,Apartment,2,2,979.52,Parking (1),11400000,2026-02-20,11638.353479255145,1,2
Upper Hill,Apartment,2,2,1216.33,Parking (1),12800000,2026-02-20,10523.459916305608,1,2
Kilimani,Apartment,3,3,1399.32,Parking (1),15000000,2026-02-20,10719.492324843495,1,2
Upper Hill,Apartment,1,1,548.96,Parking (1),24209263,2026-02-20,44100.23134654619,1,2
Upper Hill,Apartment,3,3,1872.94,Parking (2),19800000,2026-02-20,10571.614680662487,1,2
Kileleshwa,Apartment,4,5,2475.72,Parking (2),22000000,2026-02-20,8886.30378233403,1,2
Upper Hill,Apartment,3,4,2088.22,Parking (2),22000000,2026-02-20,10535.28842746454,1,2
Westlands,Apartment,2,3,2389.61,Parking (4),21000000,2026-02-20,8788.044911094279,1,2
Kileleshwa,Apartment,4,4,2152.8,Parking (3),24000000,2026-02-20,11148.272017837235,1,2
Syokimau,Apartment,2,2,990.29,Parking (1),7500000,2026-02-20,7573.539064314494,1,2
Kitisuru,House,5,5,3767.4,Parking (6),80000000,2026-02-20,21234.803843499496,1,2
Runda,Townhouse,4,5,4305.6,Parking (3),53000000,2026-02-20,12309.550353028613,1,2
Syokimau,Apartment,2,2,1173.28,Parking (1),7500000,2026-02-20,6392.336015273421,1,2
Syokimau,Apartment,3,3,1625.36,Parking (1),9700000,2026-02-20,5967.908647930305,1,2
Kilimani,Apartment,3,4,1862.17,Parking (2),18900000,2026-02-20,10149.449298399179,1,2
Kileleshwa,Apartment,3,4,1722.24,Parking (2),16000000,2026-02-20,9290.226681531029,1,2
Westlands,House,4,4,3229.2,"Parking (2), Security",85000000,2026-02-20,26322.308931004583,2,2
Kilimani,Apartment,1,1,484.38,Parking (1),5650000,2026-02-20,11664.395722366737,1,2
Upper Hill,Apartment,1,1,753.48,Parking (1),7900000,2026-02-20,10484.684397727875,1,2
Westlands,Apartment,3,4,1894.46,Parking (6),22200000,2026-02-20,11718.378852021156,1,2
Westlands,Apartment,3,4,1894.46,Parking (7),22200000,2026-02-20,11718.378852021156,1,2
Kilimani,Apartment,3,2,1453.14,Parking (2),14500000,2026-02-20,9978.391620903698,1,2
Kilimani,Apartment,3,2,1399.32,Parking (2),14000000,2026-02-20,10004.859503187263,1,2
Kiambu Road,House,4,5,4305.6,Parking (3),53000000,2026-02-20,12309.550353028613,1,2
Runda,Townhouse,4,5,5382.0,Parking (3),53000000,2026-02-20,9847.640282422892,1,2
Kitisuru,Townhouse,4,4,3229.2,Parking (3),25000000,2026-02-20,7741.855567942525,1,2
Kilimani,Apartment,3,3,1076.4,Parking (2),13500000,2026-02-20,12541.806020066888,1,2
Syokimau,Apartment,2,2,990.29,Parking (1),7400000,2026-02-20,7472.5585434569675,1,2
Westlands,Apartment,2,3,2077.45,Parking (2),27100000,2026-02-20,13044.838624274953,1,2
Westlands,Apartment,2,4,2626.42,Parking (2),33000000,2026-02-20,12564.631703992507,1,2
Upper Hill,Apartment,3,3,1883.7,Parking (1),19800000,2026-02-20,10511.22790253225,1,2
Kiambu Road,Townhouse,4,5,3229.2,Parking (3),38000000,2026-02-20,11767.620463272639,1,2
Kiambu Road,Townhouse,4,5,4305.6,Parking (3),38000000,2026-02-20,8825.715347454478,1,2
Westlands,Apartment,1,1,753.48,Parking (1),7000000,2026-02-20,9290.226681531029,1,2
Rosslyn,Townhouse,4,4,4305.6,"Parking (4), Security",85000000,2026-02-20,19741.731698253436,2,2
Kileleshwa,Apartment,3,4,1636.13,Parking (2),26000000,2026-02-20,15891.1577930849,1,2
Kahawa Sukari,House,5,4,2691.0,Parking (2),45000000,2026-02-20,16722.408026755853,1,2
Lavington,Apartment,4,4,1399.32,Parking (3),13000000,2026-02-20,9290.22668153103,1,2
Lavington,Apartment,4,4,1829.88,Parking (3),17000000,2026-02-20,9290.226681531029,1,2
Kilimani,Apartment,2,3,1130.22,Parking (6),10700000,2026-02-20,9467.183380226857,1,2
Syokimau,Apartment,3,3,968.76,Parking (3),9000000,2026-02-20,9290.226681531029,1,2
Peponi,Townhouse,4,4,3229.2,Parking (3),85000000,2026-02-20,26322.308931004583,1,2
Runda,House,5,5,3821.22,Parking (4),100000000,2026-02-20,26169.65262403107,1,2
Kileleshwa,Apartment,2,2,1076.4,Parking (2),9210000,2026-02-20,8556.298773690078,1,2
Kileleshwa,Apartment,1,1,645.84,Parking (1),5100000,2026-02-20,7896.6926793013745,1,2
Syokimau,Apartment,1,1,699.66,Parking (1),5700000,2026-02-20,8146.814166881057,1,2
Westlands,Apartment,3,4,9267.8,Parking (2),22950000,2026-02-20,2476.315846263407,1,2
Kileleshwa,Apartment,4,4,1399.32,Parking (3),13000000,2026-02-20,9290.22668153103,1,2
Kileleshwa,Apartment,4,4,1829.88,Parking (3),17000000,2026-02-20,9290.226681531029,1,2
Westlands,Apartment,2,2,1119.46,Parking (2),12850000,2026-02-20,11478.748682400443,1,2
Kilimani,Apartment,4,4,1399.32,Parking (3),13000000,2026-02-20,9290.22668153103,1,2
Kilimani,Apartment,4,4,1829.88,Parking (3),17000000,2026-02-20,9290.226681531029,1,2
Kileleshwa,Apartment,2,2,1087.16,Parking (1),8260000,2026-02-20,7597.777696015305,1,2
Kileleshwa,Apartment,2,2,1065.64,Parking (1),8100000,2026-02-20,7601.066026050073,1,2
Kileleshwa,Apartment,2,2,882.65,Parking (1),7000000,2026-02-20,7930.663343341075,1,2
Syokimau,Apartment,3,3,1560.78,Parking (2),11200000,2026-02-20,7175.899229872243,1,2
Syokimau,Apartment,3,3,1463.9,Parking (2),10500000,2026-02-20,7172.621080674909,1,2
Valley Arcade,Apartment,1,1,699.66,Parking (1),7900000,2026-02-20,11291.198582168483,1,2
Kitisuru,House,4,4,3229.2,Parking (3),25000000,2026-02-20,7741.855567942525,1,2
Westlands,Apartment,4,5,2260.44,Parking (3),21000000,2026-02-20,9290.226681531029,1,2
Westlands,Apartment,4,4,1614.6,Parking (3),15000000,2026-02-20,9290.22668153103,1,2
Lavington,Apartment,4,4,2152.8,Parking (3),20100000,2026-02-20,9336.677814938685,1,2
Kileleshwa,Apartment,3,3,1184.04,Parking (2),11000000,2026-02-20,9290.22668153103,1,2
Kilimani,Apartment,3,3,1184.04,Parking (2),11000000,2026-02-20,9290.22668153103,1,2
Kileleshwa,Apartment,1,1,624.31,"Parking (1), Garden",6200000,2026-02-20,9930.963784017556,2,2
Lavington,Apartment,3,3,1184.04,Parking (2),11000000,2026-02-20,9290.22668153103,1,2
Lavington,Townhouse,6,6,5382.0,Parking (6),70000000,2026-02-20,13006.31735414344,1,2
Kileleshwa,Apartment,4,4,2152.8,Parking (3),20100000,2026-02-20,9336.677814938685,1,2
Westlands,Apartment,3,4,1636.13,Parking (152),21000000,2026-02-20,12835.165909799343,1,2
Westlands,Apartment,1,1,764.24,Parking (1),8772000,2026-02-20,11478.06971631948,1,2
Loresho,House,4,4,3229.2,Parking (4),85000000,2026-02-20,26322.308931004583,1,2
Kilimani,Apartment,2,1,753.48,Parking (1),7000000,2026-02-20,9290.226681531029,1,2
Kilimani,Apartment,4,4,2152.8,Parking (3),20100000,2026-02-20,9336.677814938685,1,2
Westlands,Apartment,4,5,344.45,Parking (4),27000000,2026-02-20,78385.8324865728,1,2
Kileleshwa,Townhouse,5,5,5166.72,"Parking (2), Security",80000000,2026-02-20,15483.711135885049,2,2
Syokimau,Apartment,3,3,1539.25,Parking (1),9700000,2026-02-20,6301.770342699367,1,2
Kilimani,Apartment,2,2,1054.87,Parking (1),10780000,2026-02-20,10219.268725056168,1,2
Lavington,Apartment,2,1,753.48,Parking (1),7000000,2026-02-20,9290.226681531029,1,2
Kilimani,Apartment,3,4,1528.49,Parking (2),15620000,2026-02-20,10219.235977991351,1,2
Westlands,Apartment,4,4,559.73,Parking (3),24000000,2026-02-20,42877.81608990049,1,2
Riverside,Apartment,2,2,1076.4,Parking (2),12700000,2026-02-20,11798.587885544406,1,2
Kahawa Sukari,House,5,5,4305.6,Parking (2),50000000,2026-02-20,11612.783351913786,1,2
Kiambu Road,Townhouse,4,6,3229.2,Parking (3),35000000,2026-02-20,10838.597795119535,1,2
Kileleshwa,Apartment,1,1,699.66,Parking (1),5720000,2026-02-20,8175.399479747306,1,2
Kileleshwa,Apartment,2,1,753.48,Parking (1),7000000,2026-02-20,9290.226681531029,1,2
Upper Hill,Apartment,1,1,1216.33,Parking (1),12800000,2026-02-20,10523.459916305608,1,2
Syokimau,Apartment,3,3,1539.25,Parking (2),12000000,2026-02-20,7796.004547669319,1,2
Syokimau,Apartment,3,4,1786.82,Parking (2),12500000,2026-02-20,6995.668282199662,1,2
Syokimau,Apartment,3,3,1560.78,Parking (2),11000000,2026-02-20,7047.758172195953,1,2
Syokimau,Apartment,3,3,1463.9,Parking (2),10000000,2026-02-20,6831.067695880865,1,2
Kiambu Road,House,4,4,2518.78,Parking (3),30000000,2026-02-20,11910.52811281652,1,2
Kiambu Road,Townhouse,4,4,2518.78,Parking (3),30000000,2026-02-20,11910.52811281652,1,2
Lavington,Townhouse,5,5,2529.54,"Parking (3), Security",97000000,2026-02-20,38346.89311100042,2,2
Riverside,Apartment,1,1,742.72,Parking (2),7900000,2026-02-20,10636.579060749677,1,2
Westlands,Apartment,1,1,645.84,Parking (1),8000000,2026-02-20,12386.968908708039,1,2
Kiambu Road,Townhouse,4,4,559.73,"Parking (3), Security",65000000,2026-02-20,116127.41857681381,2,2
Kilimani,Apartment,3,3,1076.4,Parking (2),25000000,2026-02-20,23225.56670382757,1,2
Kileleshwa,Apartment,4,4,226.04,Parking (3),26000000,2026-02-20,115023.88957706602,1,2
Riverside,Apartment,3,3,3229.2,Parking (2),37000000,2026-02-20,11457.946240554937,1,2
Lower Kabete,Apartment,2,2,1076.4,Parking (2),6300000,2026-02-20,5852.842809364548,1,2
Westlands,Apartment,1,1,753.48,Parking (2),6500000,2026-02-20,8626.63906142167,1,2
Kilimani,Apartment,1,1,667.37,Parking (1),6820000,2026-02-20,10219.21872424592,1,2
Westlands,Apartment,1,1,742.72,Parking (1),9000000,2026-02-20,12117.621714778112,1,2
Westlands,Apartment,1,1,602.78,Parking (1),9000000,2026-02-20,14930.820531537212,1,2
Westlands,Apartment,2,2,1076.4,Parking (2),10500000,2026-02-20,9754.73801560758,1,2
Riverside,Apartment,2,2,1076.4,Parking (2),25000000,2026-02-20,23225.56670382757,1,2
Riverside,Apartment,3,3,559.73,Parking (2),40000000,2026-02-20,71463.02681650082,1,2
Riverside,Apartment,3,3,1614.6,Parking (2),27000000,2026-02-20,16722.408026755853,1,2
Westlands,Apartment,3,3,1291.68,Parking (2),38000000,2026-02-20,29419.05115818159,1,2
Westlands,Apartment,2,2,968.76,Parking (2),14500000,2026-02-20,14967.587431355547,1,2
Westlands,Apartment,2,2,1140.98,Parking (2),14500000,2026-02-20,12708.373503479464,1,2
Syokimau,Apartment,2,2,1184.04,Parking (2),8700000,2026-02-20,7347.724739029087,1,2
Westlands,Apartment,3,3,1614.6,Parking (2),23000000,2026-02-20,14245.014245014247,1,2
Westlands,Apartment,4,3,1614.6,Parking (2),58000000,2026-02-20,35922.209835253314,1,2
Westlands,Apartment,1,1,645.84,Parking (1),9500000,2026-02-20,14709.525579090796,1,2
Kileleshwa,Apartment,3,3,1291.68,Parking (1),11300000,2026-02-20,8748.296791775052,1,2
Upper Hill,Apartment,2,3,1097.93,Parking (2),36266832,2026-02-20,33032.0075050322,1,2
Kilimani,Apartment,2,2,990.29,Parking (1),9500000,2026-02-20,9593.149481465025,1,2
Langata,Townhouse,4,4,2647.94,Parking (3),35900000,2026-02-20,13557.709011533494,1,2
Syokimau,Apartment,4,4,1851.41,Parking (1),13900000,2026-02-20,7507.791359018262,1,2
Riverside,Apartment,3,3,1076.4,Parking (2),23000000,2026-02-20,21367.521367521367,1,2
Kilimani,Apartment,3,3,1614.6,Parking (2),20000000,2026-02-20,12386.96890870804,1,2
Upper Hill,Apartment,1,1,355.21,Parking (1),13919040,2026-02-20,39185.383294389234,1,2
Kilimani,Apartment,2,2,1076.4,Parking (2),11000000,2026-02-20,10219.24934968413,1,2
Kileleshwa,Apartment,3,4,2185.09,Parking (2),20000000,2026-02-20,9152.941068788929,1,2
Kileleshwa,Apartment,3,4,2281.97,Parking (2),22000000,2026-02-20,9640.792823744398,1,2
Lavington,Apartment,2,2,925.7,Parking (1),9000000,2026-02-20,9722.372258831154,1,2
Westlands,Apartment,3,3,1614.6,Parking (2),38000000,2026-02-20,23535.240926545277,1,2
Westlands,Apartment,3,3,1614.6,Parking (2),24000000,2026-02-20,14864.362690449649,1,2
Lavington,Apartment,2,2,1076.4,Parking (2),17000000,2026-02-20,15793.385358602749,1,2
Westlands,Apartment,2,2,1076.4,Parking (2),11500000,2026-02-20,10683.760683760684,1,2
Kileleshwa,Apartment,3,3,1291.68,Parking (1),11200000,2026-02-20,8670.878236095627,1,2
Kilimani,Apartment,4,4,2852.46,Parking (2),29000000,2026-02-20,10166.663160920749,1,2
Kilimani,Apartment,1,1,1614.6,Parking (1),6500000,2026-02-20,4025.7648953301127,1,2
Westlands,Apartment,3,3,1291.68,Parking (2),12000000,2026-02-20,9290.226681531029,1,2
Westlands,Apartment,2,3,1571.54,Parking (1),14000000,2026-02-20,8908.459218346336,1,2
Westlands,Apartment,2,2,1560.78,Parking (1),17600000,2026-02-20,11276.413075513525,1,2
Runda,House,4,5,6027.84,Security,100000000,2026-02-20,16589.69050273398,1,2
Kileleshwa,Apartment,3,3,1614.6,Parking (2),20000000,2026-02-20,12386.96890870804,1,2
Kilimani,Apartment,3,4,1259.39,Parking (1),12300000,2026-02-20,9766.633052509547,1,2
Kilimani,Apartment,2,2,1130.22,Parking (2),10700000,2026-02-20,9467.183380226857,1,2
Kilimani,Apartment,1,2,882.65,Parking (1),10000000,2026-02-20,11329.519061915822,1,2
Kilimani,Apartment,3,3,1399.32,Parking (2),15800000,2026-02-20,11291.198582168483,1,2
Westlands,Apartment,1,2,624.31,Parking (1),8700000,2026-02-20,13935.384664669797,1,2
Westlands,Apartment,1,1,624.31,Parking (2),8000000,2026-02-20,12814.146818087169,1,2
Westlands,Apartment,2,2,1076.4,Parking (2),25000000,2026-02-20,23225.56670382757,1,2
Syokimau,Apartment,3,3,1969.81,Parking (2),14000000,2026-02-20,7107.284458907205,1,2
Kileleshwa,Apartment,3,4,2281.97,Parking (2),23000000,2026-02-20,10079.010679369143,1,2
Riverside,Apartment,3,3,2098.98,Parking (2),12000000,2026-02-20,5717.062573249864,1,2
Westlands,Apartment,1,1,581.26,Parking (1),6000000,2026-02-20,10322.403055431305,1,2
Lower Kabete,Apartment,4,4,3229.2,Parking (3),28000000,2026-02-20,8670.878236095628,1,2
Lavington,Townhouse,5,6,4843.8,Parking (3),85000000,2026-02-20,17548.205954003053,1,2
Lavington,House,5,6,4843.8,Parking (3),85000000,2026-02-20,17548.205954003053,1,2
Westlands,Apartment,3,3,1614.6,Parking (2),19800000,2026-02-20,12263.099219620959,1,2
Westlands,Apartment,4,4,1614.6,Parking (3),47000000,2026-02-20,29109.376935463893,1,2
Kilimani,Apartment,2,3,1205.57,Parking (1),11500000,2026-02-20,9539.05621407301,1,2
Westlands,Apartment,2,2,226.04,Parking (1),12000000,2026-02-20,53087.94903556893,1,2
Westlands,Apartment,1,1,602.78,"Parking (3), Pool",6800000,2026-02-20,11281.064401605894,2,2
Lavington,Apartment,5,5,3659.76,Parking (4),33500000,2026-02-20,9153.605700920278,1,2
Westlands,Apartment,4,4,2260.44,Parking (3),21000000,2026-02-20,9290.226681531029,1,2
Kilimani,Apartment,5,5,3659.76,Parking (4),33500000,2026-02-20,9153.605700920278,1,2
Syokimau,Apartment,4,4,1862.17,Parking (1),13500000,2026-02-20,7249.606641713699,1,2
Peponi,Townhouse,4,4,3229.2,Parking (4),85000000,2026-02-20,26322.308931004583,1,2
Westlands,Apartment,4,4,1291.68,Parking (3),12000000,2026-02-20,9290.226681531029,1,2
Westlands,Apartment,2,2,2195.86,Parking (2),12850000,2026-02-20,5851.921342890712,1,2
Donholm,Townhouse,4,3,4305.6,Parking (2),14500000,2026-02-20,3367.707172054998,1,2
Westlands,Apartment,3,3,1614.6,Parking (2),28000000,2026-02-20,17341.756472191257,1,2
Westlands,Apartment,2,2,1076.4,Parking (2),15500000,2026-02-20,14399.851356373094,1,2
Peponi,Apartment,4,4,226.04,Parking (3),77000000,2026-02-20,340647.67297823395,1,2
Westlands,Apartment,2,2,839.59,Parking (2),15500000,2026-02-20,18461.39186984123,1,2
Kilimani,Apartment,2,2,1097.93,Parking (1),10500000,2026-02-20,9563.451221844743,1,2
Westlands,Apartment,1,1,645.84,Parking (2),6830000,2026-02-20,10575.374705809489,1,2
Westlands,Apartment,1,1,699.66,Parking (1),9650000,2026-02-20,13792.413457965298,1,2
Kileleshwa,Apartment,2,2,1184.04,Parking (2),9000000,2026-02-20,7601.094557616297,1,2
Langata,House,4,4,2647.94,Parking (3),35900000,2026-02-20,13557.709011533494,1,2
Garden Estate,House,4,4,4305.6,"Parking (2), Garden",55000000,2026-02-20,12774.061687105164,2,2
Westlands,Apartment,1,1,645.84,Parking (2),7500000,2026-02-20,11612.783351913786,1,2
Parklands,Apartment,2,2,559.73,Parking (1),26000000,2026-02-20,46450.967430725526,1,2
Upper Hill,Apartment,3,3,1872.94,Parking (3),19800000,2026-02-20,10571.614680662487,1,2
Upper Hill,Apartment,2,2,1216.33,Parking (2),12800000,2026-02-20,10523.459916305608,1,2
Kilimani,Apartment,2,3,2281.97,Parking (2),8700000,2026-02-20,3812.4953439352844,1,2
Kileleshwa,Apartment,4,4,1722.24,Parking (3),27000000,2026-02-20,15677.257525083613,1,2
Riverside,Apartment,1,2,1184.04,Parking (2),10800000,2026-02-20,9121.313469139557,1,2
Westlands,Apartment,1,1,721.19,Parking (1),6200000,2026-02-20,8596.902341962588,1,2
Westlands,Apartment,2,2,1291.68,Parking (2),18000000,2026-02-20,13935.340022296543,1,2
Kiambu Road,Townhouse,4,4,226.04,"Parking (3), Pool, Gym, Security, Garden",62000000,2026-02-20,274287.7366837728,5,2
Kileleshwa,Apartment,3,2,1743.77,Parking (2),20000000,2026-02-20,11469.402501476685,1,2
Kilimani,Apartment,1,1,462.85,Parking (1),5200000,2026-02-20,11234.741276871557,1,2
Kileleshwa,Apartment,2,2,1076.4,Parking (2),16500000,2026-02-20,15328.874024526198,1,2
Westlands,Apartment,1,1,839.59,Parking (1),6500000,2026-02-20,7741.87400993342,1,2
Westlands,Apartment,3,3,1614.6,Parking (2),18200000,2026-02-20,11272.141706924316,1,2
Riverside,Apartment,2,1,936.47,Parking (1),9680000,2026-02-20,10336.689909981098,1,2
Karen,House,4,4,2152.8,Parking (10),80000000,2026-02-20,37160.906726124114,1,2
Westlands,Apartment,2,2,1076.4,Parking (2),13800000,2026-02-20,12820.51282051282,1,2
Westlands,Apartment,2,2,1076.4,Parking (2),15800000,2026-02-20,14678.558156819025,1,2
Westlands,Apartment,1,1,753.48,Parking (2),9600000,2026-02-20,12740.882306099697,1,2
Kiambu Road,House,4,5,2518.78,"Parking (3), Garden",30000000,2026-02-20,11910.52811281652,2,2
Westlands,Apartment,1,1,699.66,Parking (1),9500000,2026-02-20,13578.023611468428,1,2
Kiambu Road,Townhouse,4,5,2518.78,Parking (3),30000000,2026-02-20,11910.52811281652,1,2
Westlands,Apartment,1,1,753.48,Parking (2),8100000,2026-02-20,10750.11944577162,1,2
Westlands,Apartment,3,3,559.73,Parking (2),19500000,2026-02-20,34838.22557304415,1,2
Westlands,Apartment,1,1,818.06,Parking (1),7800000,2026-02-20,9534.752952106202,1,2
Westlands,Apartment,2,3,1560.78,Parking (1),14000000,2026-02-20,8969.874037340305,1,2
Kileleshwa,Apartment,2,3,914.94,Parking (3),7000000,2026-02-20,7650.774914202024,1,2
Westlands,Apartment,1,2,968.76,Parking (1),10000000,2026-02-20,10322.474090590033,1,2
Spring Valley,Apartment,2,3,1291.68,Parking (2),18000000,2026-02-20,13935.340022296543,1,2
Westlands,Apartment,2,2,1097.93,Parking (1),11500000,2026-02-20,10474.256100115672,1,2
Westlands,Apartment,2,2,1011.82,Parking (2),14000000,2026-02-20,13836.45312407345,1,2
Westlands,Apartment,2,2,775.01,Parking (2),7500000,2026-02-20,9677.294486522755,1,2
Westlands,Apartment,2,2,775.01,Parking (2),13800000,2026-02-20,17806.221855201868,1,2
Kilimani,Townhouse,4,4,2691.0,Parking (2),52000000,2026-02-20,19323.671497584543,1,2
Kilimani,Apartment,2,2,1130.22,Parking (1),12300000,2026-02-20,10882.83696979349,1,2
Kilimani,Apartment,1,1,731.95,Parking (1),6500000,2026-02-20,8880.388004645125,1,2
Westlands,Apartment,1,1,602.78,Parking (1),9300000,2026-02-20,15428.514549255118,1,2
Westlands,Apartment,1,1,592.02,Parking (1),5950000,2026-02-20,10050.33613729266,1,2
Kileleshwa,Apartment,3,2,1463.9,"Parking (2), Garden",13000000,2026-02-20,8880.388004645125,2,2
Westlands,Apartment,2,2,861.12,Parking (2),12550000,2026-02-20,14574.043106651803,1,2
Kileleshwa,Townhouse,5,5,2691.0,Parking (4),48000000,2026-02-20,17837.235228539575,1,2
Syokimau,Apartment,4,3,2260.44,Parking (2),17700000,2026-02-20,7830.333917290439,1,2
Westlands,Apartment,1,1,602.78,Parking (1),9100000,2026-02-20,15096.718537443181,1,2
Westlands,Apartment,1,1,602.78,Parking (1),8800000,2026-02-20,14599.024519725273,1,2
Karen,House,4,4,2152.8,Security,80000000,2026-02-20,37160.906726124114,1,2
Kileleshwa,Apartment,1,1,645.84,Parking (1),5110000,2026-02-20,7912.176390437259,1,2
Westlands,Apartment,3,3,1851.41,Parking (3),18800000,2026-02-20,10154.422845290886,1,2
Westlands,Apartment,3,3,1851.41,Parking (2),18800000,2026-02-20,10154.422845290886,1,2
Westlands,Apartment,2,2,1356.26,Parking (2),13800000,2026-02-20,10175.04018403551,1,2
Kilimani,Apartment,3,3,1345.5,Parking (2),13500000,2026-02-20,10033.444816053512,1,2
Westlands,Apartment,2,2,1054.87,Parking (3),14000000,2026-02-20,13271.777565008011,1,2
Kilimani,Apartment,2,2,1076.4,Parking (2),15000000,2026-02-20,13935.340022296543,1,2
Parklands,Apartment,4,4,3498.3,Parking (2),25000000,2026-02-20,7146.3282165623295,1,2
Westlands,Apartment,1,1,753.48,Parking (2),7490000,2026-02-20,9940.542549238202,1,2
Kilimani,Apartment,2,2,1162.51,"Parking (2), Garden",11300000,2026-02-20,9720.346491643082,2,2
Kilimani,Apartment,3,4,1959.05,Parking (1),24000000,2026-02-20,12250.835864321993,1,2
Westlands,Apartment,3,2,1076.4,Parking (2),21000000,2026-02-20,19509.47603121516,1,2
Westlands,Apartment,4,4,1722.24,Parking (3),22900000,2026-02-20,13296.636937941286,1,2
Westlands,Apartment,1,1,645.84,Parking (2),7000000,2026-02-20,10838.597795119535,1,2
Spring Valley,House,4,4,3229.2,"Parking (2), Security",85000000,2026-02-20,26322.308931004583,2,2
Westlands,Townhouse,4,4,5382.0,Parking (3),70000000,2026-02-20,13006.31735414344,1,2
Syokimau,Townhouse,4,4,3078.5,Parking (3),19000000,2026-02-20,6171.836933571544,1,2
Westlands,Apartment,3,2,1614.6,Parking (2),19500000,2026-02-20,12077.294685990339,1,2
Westlands,Apartment,1,2,592.02,Parking (1),6500000,2026-02-20,10979.358805445763,1,2
Westlands,Townhouse,5,5,5382.0,Parking (4),42000000,2026-02-20,7803.790412486064,1,2
Kileleshwa,Apartment,2,2,861.12,Parking (1),6880000,2026-02-20,7989.594946116686,1,2
Kileleshwa,Apartment,2,2,914.94,Parking (2),7270000,2026-02-20,7945.876232321245,1,2
Westlands,Apartment,3,4,2841.7,Parking (2),24610000,2026-02-20,8660.308969982758,1,2
Kilimani,Apartment,2,2,936.47,Parking (2),9100000,2026-02-20,9717.34278727562,1,2
Westlands,Apartment,5,6,4165.67,Parking (2),51000000,2026-02-20,12242.928508499233,1,2
Westlands,Apartment,5,6,3928.86,Parking (2),45000000,2026-02-20,11453.704127914967,1,2
Westlands,Apartment,4,5,2960.1,Parking (2),36300000,2026-02-20,12263.099219620959,1,2
Syokimau,Apartment,3,3,861.12,Parking (2),8000000,2026-02-20,9290.226681531029,1,2
Kileleshwa,Apartment,3,4,2034.4,Parking (2),24000000,2026-02-20,11797.090051120724,1,2
Syokimau,Apartment,3,3,1829.88,Parking (2),13700000,2026-02-20,7486.829737469123,1,2
Westlands,Apartment,3,4,2260.44,Parking (2),27600000,2026-02-20,12210.01221001221,1,2
Karen,House,4,5,3229.2,"Parking (4), Security",12000000,2026-02-20,3716.090672612412,2,2
Westlands,Apartment,3,3,226.04,Parking (1),12500000,2026-02-20,55299.94691205097,1,2
Westlands,Apartment,2,2,1216.33,Parking (2),13200000,2026-02-20,10852.318038690159,1,2
Westlands,Apartment,3,4,2066.69,Parking (2),25300000,2026-02-20,12241.797270030822,1,2
Westlands,Apartment,1,1,1205.57,Parking (1),9600000,2026-02-20,7963.03823087834,1,2
Kileleshwa,Apartment,6,5,3767.4,Parking (3),67000000,2026-02-20,17784.148218930826,1,2
Westlands,Apartment,1,1,753.48,Parking (1),8000000,2026-02-20,10617.401921749748,1,2
Westlands,Apartment,2,2,968.76,Parking (2),16380000,2026-02-20,16908.212560386473,1,2
Westlands,Apartment,1,1,753.48,Parking (1),12740000,2026-02-20,16908.212560386473,1,2
Westlands,Townhouse,3,4,1345.5,Parking (2),32000000,2026-02-20,23782.980304719436,1,2
Westlands,Apartment,3,4,1345.5,Parking (2),32000000,2026-02-20,23782.980304719436,1,2
Westlands,Apartment,2,2,1194.8,Parking (2),12870000,2026-02-20,10771.677268162035,1,2
Kileleshwa,Apartment,3,3,1668.42,Parking (1),17300000,2026-02-20,10369.091715515278,1,2
Westlands,Apartment,1,1,861.12,Parking (2),8300000,2026-02-20,9638.610182088443,1,2
Kilimani,Apartment,3,3,2325.02,Parking (2),30000000,2026-02-20,12903.114811915597,1,2
Syokimau,Apartment,4,4,1894.46,Parking (1),13500000,2026-02-20,7126.041193796649,1,2
Westlands,Apartment,2,2,1227.1,Parking (2),13000000,2026-02-20,10594.083611767583,1,2
Westlands,Apartment,2,2,226.04,Parking (1),13000000,2026-02-20,57511.94478853301,1,2
Westlands,Apartment,2,2,226.04,Parking (1),13500000,2026-02-20,59723.94266501504,1,2
Westlands,Apartment,2,2,1130.22,Parking (2),14100000,2026-02-20,12475.447258055954,1,2
Kilimani,Apartment,5,6,4789.98,Parking (3),62500000,2026-02-20,13048.071181925605,1,2
Westlands,Apartment,3,3,1722.24,Parking (2),22000000,2026-02-20,12774.061687105166,1,2
Kilimani,Apartment,5,6,3250.73,Parking (2),33500000,2026-02-20,10305.37756134776,1,2
Kileleshwa,Apartment,1,1,667.37,Parking (1),5770000,2026-02-20,8645.878598079027,1,2
Westlands,Apartment,2,3,1162.51,Parking (3),10000000,2026-02-20,8602.076541277065,1,2
Syokimau,Apartment,4,4,1539.25,Parking (1),13900000,2026-02-20,9030.37193438363,1,2
Kileleshwa,Apartment,4,5,2927.81,Parking (2),24000000,2026-02-20,8197.253237061148,1,2
Parklands,Apartment,3,3,1948.28,Parking (2),15900000,2026-02-20,8161.0446137105555,1,2
Kileleshwa,Apartment,3,3,1614.6,Parking (2),17100000,2026-02-20,10590.858416945373,1,2
Westlands,Apartment,3,3,1614.6,Parking (2),16900000,2026-02-20,10466.988727858294,1,2
Westlands,Apartment,1,1,764.24,Parking (1),8000000,2026-02-20,10467.915837956663,1,2
Parklands,Apartment,5,5,3498.3,Parking (3),30900000,2026-02-20,8832.86167567104,1,2
Upper Hill,Apartment,3,3,1614.6,Parking (2),24000000,2026-02-20,14864.362690449649,1,2
Westlands,Apartment,2,2,968.76,Parking (2),14400000,2026-02-20,14864.362690449647,1,2
Westlands,Apartment,2,2,1076.4,Parking (2),14800000,2026-02-20,13749.535488665922,1,2
Westlands,Apartment,3,4,1506.96,Parking (2),19000000,2026-02-20,12608.164782077825,1,2
Westlands,Apartment,1,1,775.01,Parking (2),7800000,2026-02-20,10064.386265983665,1,2
Westlands,Apartment,2,2,1076.4,Parking (2),11900000,2026-02-20,11055.369751021924,1,2
Kilimani,Apartment,3,3,1862.17,Parking (2),24000000,2026-02-20,12888.1895852688,1,2
Kilimani,Apartment,2,2,947.23,Parking (2),9500000,2026-02-20,10029.243161639728,1,2
Kileleshwa,Apartment,3,3,1076.4,Parking (2),17500000,2026-02-20,16257.8966926793,1,2
Kiambu Road,Townhouse,4,5,2691.0,Parking (2),28000000,2026-02-20,10405.053883314753,1,2
Spring Valley,Townhouse,4,4,3229.2,Parking (3),85000000,2026-02-20,26322.308931004583,1,2
Syokimau,Apartment,4,4,1539.25,Parking (1),13500000,2026-02-20,8770.505116127984,1,2
Kilimani,Apartment,2,2,1076.4,Parking (2),10500000,2026-02-20,9754.73801560758,1,2
Westlands,Apartment,3,2,1722.24,Parking (2),23000000,2026-02-20,13354.700854700855,1,2
Westlands,Apartment,2,2,1119.46,Parking (1),12900000,2026-02-20,11523.413074160755,1,2
Syokimau,Apartment,2,2,1022.58,Parking (2),7400000,2026-02-20,7236.597625613644,1,2
Kileleshwa,Apartment,2,2,1184.04,Parking (2),10000000,2026-02-20,8445.660619573664,1,2
Kileleshwa,Apartment,2,2,1108.69,Parking (1),9500000,2026-02-20,8568.67113440186,1,2
Westlands,Apartment,2,2,1022.58,Parking (2),15200000,2026-02-20,14864.362690449647,1,2
Kilimani,Apartment,2,2,1259.39,Parking (2),14500000,2026-02-20,11513.51050905597,1,2
Westlands,Apartment,3,3,1528.49,Parking (2),18200000,2026-02-20,11907.176363600678,1,2
Kilimani,Apartment,2,2,1237.86,Parking (2),11500000,2026-02-20,9290.22668153103,1,2
Westlands,Apartment,2,2,1130.22,"Parking (1), Garden",10000000,2026-02-20,8847.834934791455,2,2
Westlands,Apartment,1,1,602.78,Parking (1),8900000,2026-02-20,14764.922525631242,1,2
Kilimani,Apartment,2,2,1022.58,Parking (2),10000000,2026-02-20,9779.185980558977,1,2
Kilimani,Apartment,1,1,8449.74,Parking (1),7500000,2026-02-20,887.6012753055123,1,2
Kilimani,Apartment,3,3,1399.32,Parking (3),14500000,2026-02-20,10362.175914015379,1,2
Kilimani,Apartment,2,2,947.23,Parking (3),9000000,2026-02-20,9501.388258395533,1,2
Westlands,Apartment,3,3,1345.5,Parking (2),24500000,2026-02-20,18208.844295800816,1,2
